{"cameraMode":{"drawMode":0,"name":"Shaded","section":"Shading Mode"},"sceneLighting":true,"audioPlay":false,"sceneViewState":{"showFog":true,"showMaterialUpdate":false,"showSkybox":true,"showFlares":true,"showImageEffects":true,"showParticleSystems":true},"in2DMode":false,"pivot":{"x":-4.379687309265137,"y":2.3426432609558107,"z":26.0350399017334},"rotation":{"x":-0.07137559354305268,"y":-0.7014068365097046,"z":0.07094909250736237,"w":-0.7056204676628113},"size":3.3435630798339845,"orthographic":false}