{"cameraMode":{"drawMode":0,"name":"Shaded","section":"Shading Mode"},"sceneLighting":true,"audioPlay":false,"sceneViewState":{"showFog":true,"showMaterialUpdate":false,"showSkybox":true,"showFlares":true,"showImageEffects":true,"showParticleSystems":true},"in2DMode":false,"pivot":{"x":-1.9850409030914307,"y":13.353363037109375,"z":8.217950820922852},"rotation":{"x":-0.6085913777351379,"y":-0.006667499430477619,"z":0.005114315077662468,"w":-0.7934393286705017},"size":36.005096435546878,"orthographic":false}