{"cameraMode":{"drawMode":0,"name":"Shaded","section":"Shading Mode"},"sceneLighting":true,"audioPlay":false,"sceneViewState":{"showFog":true,"showMaterialUpdate":false,"showSkybox":true,"showFlares":true,"showImageEffects":true,"showParticleSystems":true},"in2DMode":false,"pivot":{"x":-2.0242831707000734,"y":13.058734893798829,"z":6.966894149780273},"rotation":{"x":-0.6133533716201782,"y":-0.0042671505361795429,"z":0.0033139660954475404,"w":-0.789790153503418},"size":22.450101852416993,"orthographic":false}