{"cameraMode":{"drawMode":0,"name":"Shaded","section":"Shading Mode"},"sceneLighting":true,"audioPlay":false,"sceneViewState":{"showFog":true,"showMaterialUpdate":false,"showSkybox":true,"showFlares":true,"showImageEffects":true,"showParticleSystems":true},"in2DMode":false,"pivot":{"x":0.18386848270893098,"y":-0.22859954833984376,"z":7.518948078155518},"rotation":{"x":-0.5549498200416565,"y":0.004240133333951235,"z":-0.00282868929207325,"w":-0.8318682909011841},"size":35.04198455810547,"orthographic":false}